date,turbidity,ph,temperature,toc,cleaned,dsc,dsr,stage3_flux
2019-01-01,,,,,0,0,90,
2019-01-02,,,,,0,1,91,
2019-01-03,,,,,0,2,92,
2019-01-04,,,,,0,3,93,
2019-01-05,,,,,0,4,94,
2019-01-06,0.11253275455286108,6.900015981560168,75.34500279495683,7.697668374621349,0,5,95,0.09540451670985306
2019-01-07,0.11066424675906701,6.8996805866559345,75.53165254592896,7.724461571375528,0,6,96,0.09548396730593586
2019-01-08,0.10855091502889991,6.899772189060847,75.55487594604494,7.748459237813949,0,7,97,0.09552118523258456
2019-01-09,0.10338652799837293,6.899688007434209,75.48529885609948,7.678342195351918,0,8,98,0.09535673518580692
2019-01-10,0.09826044919900596,6.89992050131162,75.37261743545535,7.626017067829767,0,9,99,0.09532306936104949
2019-01-11,0.09285148150908445,6.899885922670364,75.23307193120323,7.560027579466501,0,10,100,0.095140151315154
2019-01-12,0.08901444737178577,6.900038985411326,75.01749054590863,7.477931106090544,0,11,101,0.0950414268559422
2019-01-13,0.08591692321933803,6.900063836574555,74.83444178899131,7.405498353640238,0,12,102,0.09496806390698506
2019-01-14,0.08255403152046101,6.900066469113031,74.67963123321535,7.330997369686761,0,13,103,0.09479598506624017
2019-01-15,0.07965174939793843,6.899888996283214,74.60244658788045,7.270143719514212,0,14,104,0.0948476568220041
2019-01-16,0.07697030373937673,6.899692603519985,74.51921200071064,7.228323156776881,0,15,105,0.09488317386753747
2019-01-17,0.07548723369615065,6.900008649201619,74.39399716967628,7.2086375804174505,0,16,106,0.09490100059775494
2019-01-18,0.0751009720045009,6.8999416198049275,74.35187051409767,7.207620649678366,0,17,107,0.09499730443039253
2019-01-19,0.07783250872134455,6.8998998230411885,74.37772805804298,7.236382940553483,0,18,108,0.09507207242725525
2019-01-20,0.08084577823146473,6.89978323834283,74.47165375664119,7.262091548386072,0,19,109,0.09509053104821258
2019-01-21,0.08337136710151324,6.899859790574935,74.61407128288633,7.297628656171616,0,20,110,0.09523899489791429
2019-01-22,0.08615942039926142,6.899847094785599,74.85425199781146,7.373082932971772,0,21,111,0.09546396205959018
2019-01-23,0.08906867092563997,6.899898299149105,75.09293083463396,7.440136963270959,0,22,112,0.09558986669713272
2019-01-24,0.0921406866494744,6.899862782728104,75.20465543383645,7.504957097910699,0,23,113,0.09563871372516963
2019-01-25,0.09319310906742304,6.899931024085907,75.25686872118995,7.519487333439644,0,24,114,0.09548654182841326
2019-01-26,0.09303005955357486,6.899988673994507,75.28869979830756,7.540739489335944,0,25,115,0.09531556413661844
2019-01-27,0.09260396426408622,6.899741507440375,75.34896139753037,7.562133322893709,0,26,116,0.09515704649450926
2019-01-28,0.09125288057316475,6.89980325586554,75.36482373527859,7.518507660169531,0,27,117,0.09483645238250268
2019-01-29,0.08898421805217001,6.899685228734777,75.30815726570461,7.523930131136507,0,28,118,0.09465333943720723
2019-01-30,0.08574903874212633,6.899514447519745,75.12930915804877,7.474671026805171,0,29,119,0.0942946220928896
2019-01-31,0.0824663248365286,6.899632117022639,74.96137521716132,7.432068146009375,0,30,120,0.09400520414927048
2019-02-01,0.07935188935624192,6.899429840713308,74.74493603360825,7.412884577849636,0,31,121,0.09395443011362976
2019-02-02,0.07661734175112477,6.89934141126232,74.53362520190254,7.387919644255568,0,32,122,0.09414284183423713
2019-02-03,0.07450275888221096,6.89952418493188,74.3835178817528,7.358017949004105,0,33,123,0.09435507583206695
2019-02-04,0.07361327116242677,6.899797029598901,74.23186532310818,7.341043406897697,0,34,124,0.09449901025764798
2019-02-05,0.07361345733515919,6.899810253018918,74.09650955200195,7.380155943269315,0,35,125,0.0947005627543541
2019-02-06,0.07329541421495378,6.899727555547935,73.99520638783773,7.414050293400668,0,36,126,0.09473846224964999
2019-02-07,0.073468678460146,6.899656087592026,73.90621000925701,7.488787977332654,0,37,127,0.09492683455815323
2019-02-08,0.07363161958443623,6.899943497215491,73.90437145233156,7.531651141678078,0,38,128,0.0951463544632357
2019-02-09,0.07493701265193523,6.89999766194302,74.00241216023764,7.627407793635909,0,39,129,0.09567707521565005
2019-02-10,0.07589912835198145,6.899948529834331,73.88156140645347,7.645018729006035,0,40,130,0.09597158763693311
2019-02-11,0.07588596533363065,6.9001655722009945,73.81370251973472,7.6243596558121665,0,41,131,0.09591004218315374
2019-02-12,0.07586333521952232,6.900092399552248,73.78886553446453,7.658529854252718,0,42,132,0.09582470036366333
2019-02-13,0.07538336077705027,6.899914068415543,73.70505956014,7.678904170229815,0,43,133,0.0956830683369595
2019-02-14,0.07444781504260997,6.899850896994272,73.55882571538292,7.690929738680519,0,44,134,0.0955876846457516
2019-02-15,0.07360411443126699,6.899795059363046,73.44807621637982,7.644531744718551,0,45,135,0.0953001612589702
2019-02-16,0.07385905354195052,6.899336593491691,73.34194350923812,7.581918621063231,0,46,136,0.09532740375801982
2019-02-17,0.07408928044051641,6.899337016684671,73.29602157956079,7.520156687498091,0,47,137,0.09538454877043154
2019-02-18,0.07498335978238,6.899129329267003,73.25085120882308,7.436672256390253,0,48,138,0.09522967716698531
2019-02-19,0.07797999922407879,6.899239410105208,73.2153208641779,7.354560899734497,0,49,139,0.09485555780438246
2019-02-20,0.08318081416100977,6.899033543609439,73.38773112978254,7.340211814641952,0,50,140,0.09448051520646338
2019-02-21,0.08846053900418896,6.898885883036117,73.5640437353225,7.336366965373358,0,51,141,0.09425964006927023
2019-02-22,0.09300353884297825,6.898947979155044,73.70568980262394,7.290265951553982,0,52,142,0.09391926457466418
2019-02-23,0.09730993978280043,6.899070258083801,73.9018688746861,7.254970904191337,0,53,143,0.09366812779889312
2019-02-24,0.10194839048421103,6.898817848307749,74.11755085672651,7.221742188930515,0,54,144,0.09338732440038941
2019-02-25,0.1054170471172603,6.898920650425413,74.29569947606042,7.21595188379288,0,55,145,0.0930166974270645
2019-02-26,0.10868337213372195,6.89948485294978,74.47447244326273,7.228089183568957,0,56,146,0.09251932433954967
2019-02-27,0.11187487867039943,6.899783545732499,74.65174895922341,7.195629717906319,0,57,147,0.09194630649207933
2019-02-28,0.11229764909173054,6.899881820877394,74.77143184343973,7.176998635133108,0,58,148,0.09160152610376192
2019-03-01,0.11121434687326352,6.899973480900128,74.86381265322368,7.214561967055003,0,59,149,0.09158595357036416
2019-03-02,0.10905630256629724,6.9000671952962875,74.94444922917131,7.244026574708414,0,60,150,0.09190937043436091
2019-03-03,0.10674607946496942,6.900167285402615,75.0037461232448,7.225678967652115,0,61,151,0.09216248283121602
2019-03-04,0.10501523997594156,6.900243881344794,75.00342317733211,7.229718682385874,0,62,152,0.09239412956638843
2019-03-05,0.10413021788581447,6.900003112355867,74.96522902958634,7.253228898065677,0,63,153,0.09258502972490405
2019-03-06,0.10237395874818486,6.900243807314098,74.97010567499242,7.249573621974474,0,64,154,0.09271492799838446
2019-03-07,0.10194682065680946,6.900167129912238,74.94160206628881,7.2464421548705165,0,65,155,0.09296127681510309
2019-03-08,0.10106216600448217,6.900009952463965,74.96337060444596,7.265873807495917,0,66,156,0.09323067276992382
2019-03-09,0.10228245854040312,6.8996852124514785,74.97523262811742,7.343743810878283,0,67,157,0.0936229574363538
2019-03-10,0.10557331861590673,6.899731102067491,74.99882751616879,7.414064484661902,0,68,158,0.09394999688003106
2019-03-11,0.10803397322357033,6.899754927037419,75.04272088520767,7.425857853716697,0,69,159,0.09399237881347235
2019-03-12,0.11104079658743513,6.899433583947824,75.13715365872238,7.45838504168984,0,70,160,0.0937880384189268
2019-03-13,0.11428490616338227,6.899468355310764,75.26122354016158,7.493136975502933,0,71,161,0.09374381447319759
2019-03-14,0.11851426656315,6.899671404493657,75.4183097853805,7.5468511574824335,0,72,162,0.09358846618073868
2019-03-15,0.1210980715381034,6.899657115273482,75.55600497072393,7.589631441569296,0,73,163,0.09372705585432416
2019-03-16,0.1236773201941767,6.899544580235625,75.69142604018704,7.663966219352953,0,74,164,0.09395353512880102
2019-03-17,0.12480259339579129,6.89945973699743,75.84665255691067,7.689451802499366,0,75,165,0.0942208690861158
2019-03-18,0.12556743509079699,6.899646973068063,75.95647330428616,7.687151929465206,0,76,166,0.0943638877639818
2019-03-19,0.12571703390161879,6.899888638113484,76.0563759659276,7.6490033315889745,0,77,167,0.09441421232561602
2019-03-20,0.1255240321371027,6.899607349887037,76.18004085367377,7.593745140957109,0,78,168,0.09445810034960175
2019-03-21,0.1254689801385569,6.8993942155982495,76.27852699106391,7.530878524708025,0,79,169,0.09453914949861271
2019-03-22,0.1245916905347257,6.899781151612599,76.32766593297325,7.483580489953359,0,80,170,0.09475199158537093
2019-03-23,0.12439275183714919,6.899830339352289,76.38586753209434,7.497317369778952,0,81,171,0.09486207830221352
2019-03-24,0.1219475395667056,6.899521927038828,76.45806045532228,7.44556229909261,0,82,172,0.09509052890773938
2019-03-25,0.12197836752360061,6.89954477349917,76.53138933181765,7.383078078428904,0,83,173,0.09449898896747215
2019-03-26,0.1233802324160933,6.8996059815088895,76.59603115717572,7.345172641674677,0,84,174,0.09386524824071653
2019-03-27,0.1252570410879949,6.899781435728071,76.68922545115154,7.302682896455129,0,85,175,0.09316616179227065
2019-03-28,0.12658073708104592,6.899773697058357,76.79930047988893,7.282517657677333,0,86,176,0.09252755706079456
2019-03-29,0.12747659998325012,6.899881821870802,76.89808419545493,7.312839337189994,0,87,177,0.09210947221920229
2019-03-30,0.1282026698036741,6.900056229035057,76.98340663909913,7.396523334582646,0,88,178,0.09171202068472781
2019-03-31,0.1279473588025819,6.900088657935458,77.07714786529542,7.4416133264700575,0,89,179,0.09131265764393977
2019-04-01,0.1290395905108503,6.899877560138701,77.16331062316894,7.441724089781443,0,90,180,0.0908320373303794
2019-04-02,0.1271139323866617,6.899751136700312,77.2216667811076,7.440118394295373,0,91,181,0.09045861305396642
2019-04-03,0.1252075063685577,6.8997356792290985,77.265970993042,7.4326031724611905,0,92,182,0.0900811243718736
2019-04-04,0.12221875693649062,6.89973345796267,77.322469329834,7.426753054062526,0,93,183,0.09013152377860294
2019-04-05,0.11825410040716341,6.899838956197101,77.40334669748943,7.397950009504953,0,94,184,0.0903684364960976
2019-04-06,0.11474579485754184,6.899687629938124,77.38637971878053,7.4251808961232495,0,95,185,0.09055405289149915
2019-04-07,0.11252912366762761,6.8995445092519105,77.38288402557376,7.462131985028584,0,96,186,0.0908061939525244
2019-04-08,0.11107945035522185,6.8991257925828275,77.43535505930585,7.472955119609833,0,97,187,0.09083134921913269
2019-04-09,0.11061382408564284,6.898975229263304,77.50131069819135,7.453686237335205,0,98,188,0.09078428815615834
2019-04-10,0.11019941000267863,6.899009533723193,77.57032464345296,7.443705801169078,0,99,189,0.09074087114701784
2019-04-11,0.10870609472816184,6.898991920550662,77.57786534627279,7.451536254088083,0,100,190,0.09064781813244494
2019-04-12,0.10715512357031301,6.89886145790418,77.55667219161987,7.429092099269231,0,101,191,0.09092621344617505
2019-04-13,0.10579228674372032,6.899036155144373,77.59154268900554,7.441678977012634,0,102,192,0.09111723562850474
2019-04-14,0.10658208345994351,6.899098657568295,77.69068593978882,7.493381613492966,0,103,193,0.09136525765940104
2019-04-15,0.10877733451003821,6.8989260862271,77.73102639516193,7.537025217215221,0,104,194,0.09150337759084956
2019-04-16,0.11099682763839751,6.898959901928903,77.81138197580972,7.542388959725699,0,105,195,0.09165290945036238
2019-04-17,0.1128337853588163,6.8991160740455015,77.84441881179808,7.517991934219997,0,106,196,0.09166002850964564
2019-04-18,0.1128753072271744,6.899439975619318,77.83603830337523,7.489037928978602,0,107,197,0.09169688265194664
2019-04-19,0.111154147485892,6.899712283412617,77.85505094528197,7.457100826501848,0,108,198,0.09184762670678454
2019-04-20,0.11056927153840661,6.899865187207858,77.88644908269245,7.482932088772455,0,109,199,0.09211848481938595
2019-04-21,0.1108183378353715,6.9001454343398425,78.00350739161172,7.505006804068884,0,110,200,0.09242276660584156
2019-04-22,0.11414228873732295,6.900357613960904,78.15350786292034,7.559097834687303,0,111,201,0.09224956178938518
2019-04-23,0.118354762101249,6.900269091129305,78.19712523861207,7.59095342979915,0,112,202,0.09195391682872255
2019-04-24,0.12122751136404879,6.9003554334243145,78.17983661734539,7.597431284448376,0,113,203,0.09160323658892137
2019-04-25,0.12222913535095861,6.900499533613524,78.17861257636028,7.6390892726787625,0,114,204,0.09118524576770633
2019-04-26,0.12128362376647801,6.900552545984587,78.21333194815593,7.7034199458965364,0,115,205,0.0910188826729462
2019-04-27,0.1210839156412344,6.900384196639062,78.30392064495362,7.75793661898461,0,116,206,0.09095546912426275
2019-04-28,0.1227365359394014,6.900326994061471,78.40964653733847,7.787336470942566,0,117,207,0.09092303271731052
2019-04-29,0.12513429370803236,6.900400097171468,78.47371835155762,7.7873849096505525,0,118,208,0.0908838905563753
2019-04-30,0.1278462862325967,6.90045344134172,78.50804067694621,7.755199269712835,0,119,209,0.09069775648498556
2019-05-01,0.1298057445365449,6.900485443075499,78.50192695700603,7.724659524620444,0,120,210,0.09044535441615223
2019-05-02,0.1312721400388649,6.900482449361259,78.49285993576049,7.670631347951435,0,121,211,0.09037477591754792
2019-05-03,0.13177840356005435,6.900545850538073,78.55357097968076,7.64835578242501,0,122,212,0.09044584385237078
2019-05-04,0.1267660441054474,6.900456958157676,78.59393162116025,7.649177597359421,0,123,213,0.09097025273013695
2019-05-05,0.12294171755423851,6.900373867296037,78.64899728481585,7.627174119547609,0,124,214,0.09138967176806849
2019-05-06,0.12182972212543793,6.900457478704906,78.71458312059059,7.598709150548382,0,125,215,0.09154515228660423
2019-05-08,0.12137054321577852,6.900648525499162,78.72657417639707,7.576257620648152,0,127,217,0.09156780539797685
2019-05-09,0.12001572054411683,6.900626565161204,78.72991925264014,7.619111494616274,0,128,218,0.09149453922144293
2019-05-10,0.11802248276681411,6.9003550679910735,78.7381566781264,7.68788463909984,0,129,219,0.09145446075442412
2019-05-11,0.11470172987271314,6.900317746499556,78.75273211116641,7.738542753851021,0,130,220,0.09156588583258987
2019-05-12,0.11083820277466343,6.900065070489424,78.76025320008446,7.803883888717098,0,131,221,0.0917164703321286
2019-05-13,0.10691895046932749,6.900035978029973,78.76527028992822,7.899155411659143,0,132,222,0.09151972931845295
2019-05-14,0.10447978201673185,6.900057722088218,78.76610210667485,7.934770570198696,0,133,223,0.09127732367642429
2019-05-15,0.1058211045002267,6.900112657702486,78.73333633671635,7.9314124584198,0,134,224,0.09061354608604105
2019-05-16,0.10589066563525054,6.900267452951789,78.71169338157212,7.9489665687084194,0,135,225,0.08999278543719011
2019-05-17,0.10569492062904695,6.900213997519534,78.66551488171453,7.96267961661021,0,136,226,0.08945713276928867
2019-05-18,0.10491945622218904,6.899922922210417,78.63798446586165,7.995795186360678,0,137,227,0.08917455615463361
2019-05-19,0.1031308885947193,6.899655501997989,78.61479676495426,7.987990329662959,0,138,228,0.08891712708000148
2019-05-20,0.10154750294092549,6.899611819740654,78.5889815641486,7.94822895328204,0,139,229,0.08824382847791008
2019-05-21,0.101366644538939,6.899588529268901,78.55242311159768,7.920578004916509,0,140,230,0.08734883250321825
2019-05-22,0.10092740552499893,6.899445984760921,78.51048169136047,7.835649079084398,0,141,231,0.08649605163386495
2019-05-23,0.10003464256102841,6.8995219906171155,78.45095124244689,7.731786938508352,0,142,232,0.08589193696567446
2019-05-24,0.09911681851372121,6.899401928981145,78.39535161654153,7.687218914429347,0,143,233,0.08588623031792691
2019-05-25,0.09925488708540801,6.899749211470285,78.44549082120258,7.721852389971415,0,144,234,0.08616617097871179
2019-05-26,0.10040000112106404,6.899411533276239,78.50779326756793,7.700760153929393,0,145,235,0.08644291729064227
2019-05-27,0.10085554852460825,6.8993596573670715,78.60458755493163,7.681513160467148,0,146,236,0.08668424455518915
2019-05-28,0.10072351271907495,6.899523997306824,78.68746401468913,7.628821192185083,0,147,237,0.08675356666119671
2019-05-29,0.10039478211353228,6.899764853715896,78.73537702560425,7.558251259724299,0,148,238,0.08686695679529967
2019-05-30,0.10041525891671584,6.899750034014383,78.80321334203084,7.530557348330815,0,149,239,0.08722074260775277
2019-05-31,0.09997988666097324,6.8997719069321946,78.87412230173747,7.533480699857077,0,150,240,0.0877528004249626
2019-06-01,0.09984882498780887,6.900020412604013,79.01747630437214,7.582534201939902,0,151,241,0.08832079263926164
2019-06-02,0.10130560084556539,6.899810238679249,79.21207345326741,7.62895671526591,0,152,242,0.08886381002889357
2019-06-03,0.10234456042610648,6.90008593538533,79.37878987409066,7.663094898064932,0,153,243,0.08881751690753797
2019-06-04,0.10413653197549819,6.8997907592766525,79.50869487541308,7.620244381825131,0,154,244,0.08856024507502883
2019-06-05,0.1045652137286421,6.899946071099544,79.60925433255623,7.594262619813286,0,155,245,0.08823731626376245
2019-06-06,0.10545265080029328,6.9000226968440455,79.75448913988859,7.5915364702542645,0,156,246,0.08789027269584093
2019-06-07,0.10572898886099018,6.900242514800334,79.92101450381071,7.611835328737897,0,157,247,0.08792079451270637
2019-06-08,0.10733193210258637,6.900105990361476,80.13327080823372,7.652066864569983,0,158,248,0.0880702427070133
2019-06-09,0.10903943008675727,6.900361799589102,80.29096851763516,7.661419894297919,0,159,249,0.08838645620223984
2019-06-10,0.11034740096201057,6.900110560050909,80.43307609972746,7.643995749950409,0,160,250,0.08860546102238029
2019-06-11,0.11181511523445001,6.900146591058676,80.51820793566496,7.581197484334309,0,161,251,0.0887685733156814
2019-06-12,0.11289103818058518,6.900571039707765,80.55146602409474,7.527134207884471,0,162,252,0.08883897889204354
2019-06-13,0.11353550866327192,6.900317068894705,80.58386948903402,7.484872917334239,0,163,253,0.0889081731639674
2019-06-14,0.1123134267152002,6.900228178501131,80.61048720677694,7.4717480162779495,0,164,254,0.08898170456048582
2019-06-15,0.11110900305211528,6.900628958145778,80.67158835728965,7.436812448501587,0,165,255,0.08930245440884214
2019-06-16,0.10986069645732628,6.900677593549093,80.67226549784343,7.3658978978792815,0,166,256,0.08962523409249756
2019-06-17,0.10916142721349978,6.900355470180512,80.66597423553468,7.29021950562795,0,167,257,0.08873245882612954
2019-06-18,0.10787835164616491,6.900664836168289,80.64884017308555,7.202951284249624,0,168,258,0.08768774239525276
2019-06-19,0.1072815546455482,6.90061217546463,80.6381018638611,7.15663210550944,0,169,259,0.08651496474222453
2019-06-20,0.10725689198200902,6.900995014111201,80.62206490834555,7.171506007512411,0,170,260,0.08537819293937976
2019-06-21,0.1072527403011918,6.901174837350846,80.61323362986248,7.214911218484244,0,171,261,0.08433765339872658
2019-06-22,0.10607150169089441,6.900934346516928,80.66277888615926,7.2278743326663974,0,172,262,0.08363366784770612
2019-06-23,0.10531544260059802,6.900827777385712,80.76211671829223,7.210978710651398,0,173,263,0.0829820147118211
2019-06-24,0.10623866065094871,6.900947403907776,80.86278613408406,7.165355811516443,0,174,264,0.08239561485937928
2019-06-25,0.10917097460478542,6.900388024250667,80.9251661300659,7.138367869456609,0,175,265,0.08171424475132757
2019-06-26,0.11120670692374304,6.900116644303003,80.99311701456705,7.11769555012385,0,176,266,0.08105770436055462
2019-06-27,0.11361332054560383,6.9003889123598725,81.04569431940715,7.1569805105527236,0,177,267,0.0812477582470035
2019-06-28,0.11641756615911918,6.9001950542132064,81.10078624089559,7.246568689743677,0,178,268,0.08156474932466938
2019-06-29,0.1179275952643998,6.90000256144482,81.16621755655261,7.268293372617251,0,179,269,0.08201328029547181
2019-06-30,0.118353123937234,6.899733837877494,81.2647429853246,7.214395357992338,0,180,270,0.08253516351733241
2019-07-01,0.1180706559734392,6.89945183141508,81.33734617924344,7.140045976466027,0,181,271,0.08267108656472437
2019-07-02,0.1194501530433046,6.899295567904693,81.37601379449816,7.119504560854123,0,182,272,0.08244141247107455
2019-07-03,0.1197082984004763,6.899335403675619,81.34794665074004,7.105188927875048,0,183,273,0.08221889634949708
2019-07-04,0.1188914063440609,6.8991575672574665,81.31435191527657,7.115872154460436,0,184,274,0.08192957942315172
2019-07-05,0.1166121445494988,6.899307085508886,81.33098663385364,7.134579058315441,0,185,275,0.08161162753013762
2019-07-06,0.115261810604294,6.899632292424424,81.37665221587471,7.206754388239072,0,186,276,0.0812671096187913
2019-07-07,0.1134868159478504,6.8994752937900845,81.45446717635446,7.194269803987034,0,187,277,0.08094568420736556
2019-07-08,0.11154266979774821,6.899298275942387,81.53673716282499,7.137532587673353,0,188,278,0.08058607775780716
2019-07-09,0.11008568562877681,6.899757106105487,81.62156098683674,7.123035774628322,0,189,279,0.08023618828990142
2019-07-10,0.1089651924092323,6.899834019939105,81.70441595713297,7.125973904132842,0,190,280,0.0797193807134325
2019-07-11,0.1084150896097223,6.899937087297438,81.80536495844522,7.200072451432545,0,191,281,0.07946805615405052
2019-07-12,0.1076610739342869,6.899829043944676,81.92464167277019,7.26863049864769,0,192,282,0.0792899422537191
2019-07-13,0.1075792187824846,6.900069580475488,82.0616881052653,7.316996149222054,0,193,283,0.07920166678053371
2019-07-14,0.1081027258808414,6.900129334131876,82.20038291613261,7.356826680898665,0,194,284,0.07907153893743941
2019-07-15,0.10913101197220379,6.900146583716074,82.28405350049339,7.374144854148229,0,195,285,0.07892540335212823
2019-07-16,0.11020974977873259,6.9000862975915265,82.35281764666242,7.327474959691365,0,196,286,0.07857713185847506
2019-07-17,0.1101991329342126,6.900172108411789,82.39186002413433,7.281056042512257,0,197,287,0.07822191541762821
2019-07-18,0.11062841033563012,6.9003623475631075,82.42814221382142,7.259557674328486,0,198,288,0.07779729210826809
2019-07-19,0.1105091663387914,6.90009198586146,82.52244877815248,7.272035346428552,0,199,289,0.07763352100135655
2019-07-20,0.10928860159280393,6.900087688366573,82.6491332213084,7.3042279581228895,0,200,290,0.07790826289348374
2019-07-21,0.10961635539618626,6.9000140448411305,82.82611082394921,7.328850036859512,0,201,291,0.07824142323040585
2019-07-22,0.10954504557885225,6.900304518143335,82.98075620333357,7.212846646706263,0,202,292,0.07854329338924809
2019-07-23,0.11069801929406815,6.900193371375401,83.1370321750641,7.066180237134299,0,203,293,0.07874311315030288
2019-07-24,0.11211325003144634,6.9002959450085966,83.24635311762493,6.883420928319294,0,204,294,0.07894625325358226
2019-07-25,0.11217298574435217,6.900100022554398,83.32898104985557,6.812618569533029,0,205,295,0.07918546591592428
2019-07-26,0.11198963487210375,6.900066419442494,83.42229121526084,6.837209018071493,0,206,296,0.07971086993358265
2019-07-27,0.11257722539206345,6.899920568863552,83.5455808957418,6.8893567065397905,0,207,297,0.08052235500033844
2019-07-28,0.11275062408919134,6.899867839614551,83.66598768234255,6.905168018738429,0,208,298,0.08121012405799673
2019-07-29,0.11366687770932915,6.899554081757865,83.72798630396527,6.7593096236387895,0,209,299,0.0813809164434847
2019-07-30,0.11557209280629957,6.899562607208888,83.74930219650271,6.590631747245789,0,210,300,0.08114283338005579
2019-07-31,0.11637961775995795,6.899620457490284,83.71095771789552,6.37833609978358,0,211,301,0.08097396163238217
2019-08-01,0.11641519167460504,6.899455902973811,83.6756675084432,6.364570587873459,0,212,302,0.08075423125055958
2019-08-02,0.11563752397584426,6.899315023422242,83.66991602579753,6.470145503679911,0,213,303,0.08076472883533964
2019-08-03,0.11410870047596604,6.89918079773585,83.69456685384115,6.6001466790835055,0,214,304,0.08096003413337655
2019-08-04,0.11399552617424535,6.899425457612328,83.75917088467142,6.647338658657627,0,215,305,0.08110045049347896
2019-08-05,0.11260639867016484,6.899622538383456,83.79790929434958,6.614877043254133,0,216,306,0.08119102491353572
2019-08-06,0.11093693146063702,6.899875601823778,83.82722778596741,6.578858852472858,0,217,307,0.08093903210571093
2019-08-07,0.10877586600262734,6.900174904560697,83.81327975867451,6.522439225601113,0,218,308,0.08081048168231424
2019-08-08,0.10658728154578616,6.900168369904807,83.79784272788228,6.5821859817574,0,219,309,0.08085218795596781
2019-08-09,0.10437568474453,6.900145847296369,83.82314726788064,6.6530947427818745,0,220,310,0.08095889593968743
2019-08-10,0.10192755316586603,6.900455650384875,83.88284762976825,6.720382376598275,0,221,311,0.08101367588588906
2019-08-11,0.10000771866382466,6.900495929216992,83.93612067181131,6.651176945454831,0,222,312,0.08114710268840677
2019-08-12,0.09802229890491865,6.900356726542762,83.94051517127217,6.525548577395038,0,223,313,0.08056200709740231
2019-08-13,0.09582712399044435,6.900411238964052,83.93946441291035,6.4107027571270425,0,224,314,0.07974619083597867
2019-08-14,0.09352048658765855,6.900302282969156,83.92168556849161,6.296814459562301,0,225,315,0.07897141136708408
2019-08-15,0.09233459971534709,6.900309944152831,83.8963836669922,6.342243367433548,0,226,316,0.07821250595424553
2019-08-16,0.090967188992848,6.9001637717088045,83.88674421310425,6.380648819605509,0,227,317,0.07768868639683052
2019-08-17,0.09009826003263394,6.900099982817967,83.94510453542073,6.4669257620970395,0,228,318,0.07746225364136934
2019-08-18,0.08977467389777302,6.900417157014209,83.99380343755087,6.572455302874246,0,229,319,0.07728585199796681
2019-08-19,0.0896441680068771,6.900287411610283,83.99460716247559,6.678658078114191,0,230,320,0.07710539438182586
2019-08-20,0.08927746467913192,6.899851965904236,84.01571369171144,6.799405467510222,0,231,321,0.07690776512194615
2019-08-21,0.08857269218812387,6.89974001844724,84.04343258539835,6.943468918402989,0,232,322,0.07664743720620994
2019-08-22,0.08684065883668762,6.900003947814307,84.09576546351116,7.094931350151697,0,233,323,0.07686784347033102
2019-08-23,0.08555912867498897,6.900073119004567,84.17336740493775,7.245616894960404,0,234,324,0.0772564270665528
2019-08-24,0.0849119989356647,6.9002115706602725,84.26346282958986,7.420762723684311,0,235,325,0.07771495365129517
2019-08-25,0.08432220591542622,6.900455683469772,84.38087383906047,7.418765777349471,0,236,326,0.07773284237614143
2019-08-26,0.08442621440626681,6.9002710084120435,84.49404328664144,7.422499976555507,0,237,327,0.07719120334408006
2019-08-27,0.08484690619322162,6.899972863992055,84.57153946558635,7.416277881463371,0,238,328,0.07635203312881471
2019-08-28,0.08386941387628516,6.899903146425883,84.62176313400269,7.3748678604761775,0,239,329,0.07549846781136738
2019-08-29,0.08291156049817802,6.899935140212376,84.69348932902018,7.344332540035249,0,240,330,0.07460024167032954
2019-08-30,0.08212536185358962,6.9000565270582825,84.76523663202921,7.333291776974997,0,241,331,0.07411127208588471
2019-08-31,0.08191146034126481,6.900167768200238,84.85558026631675,7.384106284379962,0,242,332,0.0737751472556331
2019-09-01,0.08269172554525236,6.900421898563701,84.95164378484091,7.415731038649879,0,243,333,0.07354449283145206
2019-09-02,0.08351916695634523,6.900486649076143,85.04021790822347,7.433256073792776,0,244,334,0.07318086576561568
2019-09-03,0.08415554255867998,6.900411428014436,85.1071808497111,7.410374704996745,0,245,335,0.07272658705432046
2019-09-04,0.08479845152857401,6.899307051301003,85.09306405385335,7.399281984567644,0,246,336,0.07268855053247508
2019-09-05,0.08574796350051958,6.8998969227075575,85.0293893178304,7.421328185002009,0,247,337,0.07296506600658142
2019-09-06,0.08584931972436605,6.899894695480666,84.95548960367839,7.439500037829082,0,248,338,0.07334432936910303
2019-09-07,0.08665386363863943,6.899496717254321,84.93879464467366,7.48113156159719,0,249,339,0.0736793170181893
2019-09-08,0.0876223144121468,6.899483971794448,84.94083197911581,7.516338370243709,0,250,340,0.07406219090579591
2019-09-09,0.08864052820329862,6.898859750231108,84.92804644902547,7.524736777941387,0,251,341,0.07386556539826594
2019-09-10,0.08976997242619592,6.8989022811253875,84.9035800933838,7.5045487145582825,0,252,342,0.07356569301264894
2019-09-11,0.09111444633454083,6.898713038365047,84.8478944460551,7.495091292262076,0,253,343,0.07316260666591526
2019-09-12,0.09170576569934685,6.898753267526627,84.75620279312133,7.482067009806633,0,254,344,0.07277483445572339
2019-09-13,0.09176647051547963,6.898910697301228,84.67391328811645,7.484109947085381,0,255,345,0.07256006019750258
2019-09-14,0.09217217746190727,6.899439801772435,84.64590253829955,7.507299585143724,0,256,346,0.0724695916812563
2019-09-15,0.09244861185240248,6.898983456691106,84.62756249109904,7.494324232141176,0,257,347,0.07247068742962702
2019-09-16,0.09244267484173178,6.899605536460877,84.62268006006875,7.483782852689423,0,258,348,0.07235927351415893
2019-09-17,0.09256364572793245,6.899773186445236,84.59253629048665,7.486330673098562,0,259,349,0.072298716678427
2019-09-18,0.0917881313090523,6.8999769508838655,84.5542240778605,7.480191633105276,0,260,350,0.07218584966525093
2019-09-19,0.0918112917492787,6.9007682224114735,84.47597875595092,7.485640940070151,0,261,351,0.07219034250237939
2019-09-20,0.09037623840073744,6.901027103265126,84.38097295761108,7.472952714562415,0,262,352,0.07226241636101235
2019-09-21,0.08906442381752033,6.901114362478255,84.31721560160318,7.480481580893198,0,263,353,0.0723429890391563
2019-09-22,0.08741262867115437,6.90113228658835,84.26630573272703,7.480320602655409,0,264,354,0.0725099175138274
2019-09-23,0.08597667378683883,6.901130087176957,84.22496236165364,7.4776183505853,0,265,355,0.07235727003454161
2019-09-24,0.08428239850327371,6.901121567686398,84.13763154347737,7.4616664369901,0,266,356,0.07199769872661953
2019-09-25,0.08225710319044689,6.9013773192962,84.01033420562743,7.4354425291220325,0,267,357,0.07158082156186481
2019-09-26,0.08172299326397478,6.901102402806281,83.86197395324706,7.425104427337645,0,268,358,0.07117203103404754
2019-09-27,0.08066321701432268,6.9018480728069935,83.70691000620522,7.414307298262912,0,269,359,0.07081320071725089
2019-09-28,0.0802952122874558,6.901829722523688,83.54427251815795,7.41680722236633,0,270,360,0.07058866736465708
2019-09-29,0.07880197934185465,6.901735165715216,83.4232637087504,7.415129437049228,0,271,361,0.07041482056825552
2019-09-30,0.07915115069287518,6.901476650436718,83.27931451797484,7.418631541728972,0,272,362,0.07022489326075411
2019-10-01,0.07937044485782582,6.901126518845558,83.14070863723755,7.391253606478372,0,273,363,0.06995767036348961
2019-10-02,0.08017010303835073,6.9006996969381955,83.01223856608074,7.36220772663752,0,274,364,0.06959510192754698
2019-10-03,0.08099780023718872,6.900428984562557,82.8761488278707,7.352130657434462,0,275,365,0.06941823197869537
2019-10-04,0.08089132813426354,6.9006600975990295,82.79372952779134,7.3584021945794404,0,276,366,0.0693789618799494
2019-10-05,0.08173622849086919,6.900203492244086,82.74541076024374,7.401583276192346,0,277,367,0.0694076458042793
2019-10-06,0.08165887133218347,6.900061521927516,82.73039449055992,7.423443454504013,0,278,368,0.06944625136791818
2019-10-07,0.08174126104762156,6.899913207689922,82.73536440531413,7.421028691530227,0,279,369,0.06937017943268496
2019-10-08,0.08254816563179095,6.899982655048371,82.6839337984721,7.422878624995549,0,280,370,0.06925981103486668
2019-10-09,0.08412130832051237,6.900042086839676,82.60986954371135,7.41590139667193,0,281,371,0.06912962520017758
2019-10-10,0.08458378335150579,6.89992035428683,82.56407616933187,7.428415634234746,0,282,372,0.06894786169084519
2019-10-11,0.08457246874459087,6.899754160642624,82.51527309417723,7.471782628695169,0,283,373,0.06882598982905073
2019-10-12,0.08472851423236231,6.900091737508774,82.48563938140867,7.518722466627757,0,284,374,0.06866651265281251
2019-10-13,0.08489765011084578,6.899913730223974,82.4484000523885,7.560091489553452,0,285,375,0.06840976207098029
2019-10-14,0.08636476953203481,6.899708815415702,82.39316393534341,7.599079676469168,0,286,376,0.06812376304889411
2019-10-15,0.08750665035719676,6.900074408451718,82.34154106775917,7.618454186121623,0,287,377,0.06779896635495818
2019-10-16,0.08893506500559552,6.89995690782865,82.28546832402544,7.63074675798416,0,288,378,0.06748258294042361
2019-10-17,0.08966028983704748,6.899456508954367,82.2422969818115,7.642680946985881,0,289,379,0.06715272420953475
2019-10-18,0.08916787444613876,6.899113911390304,82.25811675389606,7.670454718669255,0,290,380,0.06673821947135083
2019-10-19,0.08870651760759454,6.898818888266883,82.28042268753049,7.709870578845342,0,291,381,0.06635889578257294
2019-10-20,0.08809093688614668,6.898977579673132,82.32031501134233,7.756401427586873,0,292,382,0.06593799106007407
2019-10-21,0.0858096658717841,6.899279394745828,82.33515532811481,7.755999958515167,0,293,383,0.0655457206403581
2019-10-22,0.08487784205935897,6.899139015873274,82.31510763168333,7.759218770265579,0,294,384,0.06528058660596348
2019-10-23,0.08647990183283889,6.899416237076123,82.22010615666707,7.785309342543284,0,295,385,0.06513095714064733
2019-10-24,0.08716842187568549,6.8994332720836,82.10599536895751,7.793815785646439,0,296,386,0.06490312858349948
2019-10-25,0.08744786468644938,6.8993266632159544,81.98907334009806,7.807341674963633,0,297,387,0.06472094340864297
2019-10-26,0.08701141246904931,6.8992258956034975,81.85186436971028,7.8253733197848,0,298,388,0.06472294231758272
2019-10-27,0.08709060366575919,6.899386301636694,81.6667818069458,7.846039430300394,0,299,389,0.06476356947624803
2019-10-28,0.08891996849949166,6.8995655983686435,81.4777258237203,7.840023489793142,0,300,390,0.0647993237023772
2019-10-29,0.09135821824893361,6.899648800492285,81.3039970080058,7.849542897939682,0,301,391,0.06479476417510725
2019-10-30,0.09489908112833903,6.899617754419642,81.091379070282,7.820556658506393,0,302,392,0.06487983875867447
2019-10-31,0.09995165336877117,6.8995509207248675,80.88613653182986,7.825290159384409,0,303,393,0.06493034528213691
2019-11-01,0.10281912079080949,6.899622233708698,80.70244537989299,7.845216598113377,0,304,394,0.06495791633389092
2019-11-02,0.10313150165602569,6.899683660268782,80.6345327059428,7.812677973508833,0,305,395,0.06497476633811863
2019-11-03,0.10521378324677552,6.899909516175588,80.61036221186322,7.7920420845349625,0,306,396,0.06504382877137094
2019-11-04,0.10548226113120722,6.899715375900269,80.6202909787496,7.7562849362691235,0,307,397,0.06499667898801231
2019-11-05,0.10643049596498422,6.899657477935155,80.64022054672242,7.7343337337176,0,308,398,0.06473662493673875
2019-11-06,0.1085280256035428,6.899704951047899,80.63800217310589,7.74076316555341,0,309,399,0.06450671549905747
2019-11-07,0.10917958157757919,6.899466987450919,80.61765553156535,7.743034368753433,0,310,400,0.06427887198190198
2019-11-08,0.1086960624593,6.89949659307798,80.59226137797037,7.75650706688563,0,311,401,0.0641157614504309
2019-11-09,0.10686945570632819,6.8995056847731275,80.5655618985494,7.753432786464691,0,312,402,0.06400821358862982
2019-11-10,0.10522728689635794,6.899541850884757,80.55908422470094,7.737760380903881,0,313,403,0.06393693492311416
2019-11-11,0.10452664646630487,6.899477545420329,80.53756322860718,7.714176599184673,0,314,404,0.06384101766846509
2019-11-12,0.10443932429576916,6.899318317572276,80.45049336751302,7.7360534866650905,0,315,405,0.06548628706007326
2019-11-13,0.10485785771161316,6.899348888794582,80.29567365646362,7.735540169477464,0,316,406,0.068830136613746
2019-11-14,0.1041082789810995,6.899505400657654,80.14981225331624,7.737238041559857,0,317,407,0.07227348039195455
2019-11-15,0.10272434425229822,6.899511492252349,79.99814980824789,7.72395288149516,0,318,408,0.07612539750760473
2019-11-20,0.09980000288536148,6.899506016572316,79.89315141042073,7.671304653088254,1,1,413,0.07968433688816645
2019-11-21,0.09922359730117028,6.899635746081669,79.75041675567627,7.618913942575458,0,2,414,0.08312963251305905
2019-11-22,0.10214887821736438,6.899740765492121,79.56307916641235,7.552482601006828,0,3,415,0.08636656584073074
2019-11-23,0.1042945789949348,6.899573210875192,79.31362953186036,7.540137197573982,0,4,416,0.08963257169423632
2019-11-24,0.10295767618032796,6.8995869576931,79.0327698389689,7.539534701903664,0,5,417,0.09269895582730342
2019-11-25,0.09945802002524338,6.899521845579147,78.75827663739521,7.452366413672768,0,6,418,0.09545752752768269
2019-11-26,0.09575992827303711,6.899482216437659,78.47123913764955,7.386485159397127,0,7,419,0.09650714760272691
2019-11-27,0.09091733804283048,6.898994884888332,78.25834771792094,7.3368400990963,0,8,420,0.09591782515025972
2019-11-28,0.0889497889981916,6.898930460214615,78.04350368181866,7.312763077020646,0,9,421,0.0952506063979551
2019-11-29,0.08788487468846148,6.89908238252004,77.85655105908714,7.3030110061168685,0,10,422,0.09426698252080704
2019-11-30,0.08707974628884013,6.8988288435069,77.64071584614842,7.30254919041287,0,11,423,0.09356376516527878
2019-12-01,0.08377504688405404,6.898834599328763,77.44818518234024,7.306533452958773,0,12,424,0.09302697433442211
2019-12-02,0.07792828329556592,6.898492502443719,77.32510381611914,7.306542077750872,0,13,425,0.09290664196401129
2019-12-03,0.07333756489396998,6.898376905195642,77.30356520883967,7.305642949631721,0,14,426,0.09258991985197773
2019-12-04,0.07167384240804522,6.8982988310582725,77.31568793528011,7.302524195205083,0,15,427,0.09246169298895118
2019-12-05,0.07267264315900816,6.8983465564973425,77.31483892671993,7.3938262682069436,0,16,428,0.09256092631169963
2019-12-06,0.07295993310752127,6.898350764585264,77.33591630531082,7.431247242382078,0,17,429,0.09270942608771458
2019-12-07,0.07283699669607097,6.898854101968534,77.33938888781,7.467652517647454,0,18,430,0.09269078699339416
2019-12-08,0.07289748078875356,6.899168260169754,77.34313819480666,7.490460896582316,0,19,431,0.09269344512956564
2019-12-09,0.07276165780653669,6.899187246235934,77.33105603131382,7.510398334355067,0,20,432,0.09257056865955429
2019-12-10,0.07317121267022395,6.899401732285819,77.32982524236044,7.562189780672393,0,21,433,0.09242038999028847
2019-12-11,0.07388717498644395,6.8992348591486605,77.32281691233318,7.597765399018924,0,22,434,0.09208858061435563
2019-12-12,0.0741883713970751,6.899516270558038,77.20970691045127,7.625221154093742,0,23,435,0.09140555518781784
2019-12-13,0.07468870656889383,6.899610803524654,77.04814863204956,7.633678655823071,0,24,436,0.09079157226354992
2019-12-14,0.07677791054064238,6.899607360363007,76.88242979049681,7.660202362140019,0,25,437,0.09015592231425676
2019-12-15,0.07774060087588924,6.899495516220727,76.74803857803344,7.665295527378719,0,26,438,0.08956333911976182
2019-12-16,0.08174999688441552,6.899501331647235,76.6408854484558,7.676264093319576,0,27,439,0.08905191436888434
2019-12-17,0.08614479958390195,6.899252965052921,76.39435017903645,7.700904492537179,0,28,440,0.0884390869813512
2019-12-18,0.08853144804015754,6.89903361201286,76.1342243830363,7.753550211588541,0,29,441,0.08781648841664262
2019-12-19,0.089668056803445,6.898935262362161,75.90936711629232,7.71928442319234,0,30,442,0.08762802753791736
2019-12-22,0.09107675799168645,6.898829783995945,75.66222381591797,7.7091109931468935,0,33,445,0.08709511713207749
2019-12-23,0.09275260677871604,6.898894117275873,75.44249590237935,7.706416481733319,0,34,446,0.08683953902783423
2019-12-24,0.09487614113216603,6.899095406134921,75.2545937379201,7.730065635840096,0,35,447,0.08670716765499166
2019-12-25,0.09691895468470954,6.899125874042509,75.13446164131162,7.7320370137691485,0,36,448,0.08656305378403199
2019-12-26,0.09828263587939243,6.898983172575631,74.99837209383645,7.717221430937447,0,37,449,0.08638029353689104
2019-12-27,0.10020240385395789,6.8990071853001895,74.85108218193054,7.746693048874535,0,38,450,0.08617485322439096
2019-12-28,0.09953419679465399,6.899047593275705,74.75976932843524,7.714259628454842,0,39,451,0.08581553613845516
2019-12-29,0.09905153005383907,6.898974268635113,74.79638683001198,7.6949693858623505,0,40,452,0.08567150699484663
2019-12-30,0.098314475438868,6.898871930440265,74.87712063789365,7.6667099595069885,0,41,453,0.08547884459385352
2019-12-31,0.09722684333100914,6.89888725678126,74.89622368812557,7.717104373375574,0,42,454,0.08482083787435091
2020-01-01,0.09624121508871514,6.898922111590703,74.96090826988218,7.7470315953095765,0,43,455,0.08443607674105055
2020-01-02,0.09407615987583992,6.899048052231469,75.04663855234779,7.755712385972342,0,44,456,0.08387280064110013
2020-01-03,0.09127229219302528,6.89883321126302,75.17531557083127,7.756672292947769,0,45,457,0.08332382318412727
2020-01-04,0.0889625411946326,6.898984140157699,75.23493547439574,7.779672441879908,0,46,458,0.08283542418891734
2020-01-05,0.08621454814759391,6.899206763505935,75.31047051747639,7.778363700707755,0,47,459,0.0823324270371176
2020-01-06,0.08340215633312857,6.899240817626317,75.36695591608682,7.738587301969528,0,48,460,0.08189400872309277
2020-01-07,0.08088968126103277,6.8993120789527875,75.33700780868529,7.757562498251597,0,49,461,0.08141262191453018
2020-01-08,0.07748647723346949,6.899229640762011,75.31899236043293,7.7278682748476655,0,50,462,0.08092713400588702
2020-01-09,0.07656405537078777,6.89939617315928,75.24779326121012,7.70011397798856,0,51,463,0.08054413618340972
2020-01-10,0.07685750030602018,6.899481451511382,75.19620885849,7.724387747049332,0,52,464,0.08025743179871789
2020-01-11,0.07639146605506539,6.899562396605807,75.15513458251954,7.713900607824324,0,53,465,0.08003514641694918
2020-01-12,0.0769860231007139,6.89976101517677,75.09804023106892,7.744429085652032,0,54,466,0.07977868690470794
2020-01-13,0.07749387870232265,6.899542494614917,75.02852881749472,7.769245694080988,0,55,467,0.07918498591033432
2020-01-14,0.07762900095743439,6.8998254676659885,74.98813521067302,7.803257499138513,0,56,468,0.07851245818953499
2020-01-15,0.0782332923418532,6.899929237365721,74.95929934183756,7.8292776346206665,0,57,469,0.07788604407819857
2020-01-16,0.0789249139217039,6.8998763918876636,74.95170548756917,7.8592088739077255,0,58,470,0.07728006889283903
2020-01-17,0.07858099636311332,6.900008676449455,74.97432769139608,7.894014556209248,0,59,471,0.07659847081721557
2020-01-18,0.07791684539988637,6.900484611590701,75.00570901234946,7.951520837346715,0,60,472,0.07594193903578624
2020-01-19,0.07728986324121555,6.900380247831345,75.06515633265177,7.986852303147319,0,61,473,0.07526355982277974
2020-01-20,0.07722429124017557,6.900402184327443,75.12847290039062,7.977482311924301,0,62,474,0.07455814322607346
2020-01-21,0.07756944713182748,6.900438000758489,75.17737312316893,7.9889213075240475,0,63,475,0.07388679783261953
2020-01-22,0.07823543488048017,6.900211218992868,75.17433678309122,7.9711533119281155,0,64,476,0.07331232005192381
2020-01-23,0.07915454499113063,6.9003059069315595,75.20093412399291,7.947875379522645,0,65,477,0.07298347064798741
2020-01-24,0.07906758668832481,6.90010259350141,75.25664644241333,7.950137018164002,0,66,478,0.07267165434755928
2020-01-25,0.0788881655006359,6.900046970446904,75.30064919789632,7.961695099870366,0,67,479,0.07237640469717391
2020-01-26,0.07879060697741806,6.900123169024786,75.3291407585144,7.994256404042247,0,68,480,0.07204133639566324
2020-01-27,0.07903659034830827,6.899805774291357,75.39408973058065,7.979973308245343,0,69,481,0.07177583502784213
2020-01-28,0.08032110564721126,6.899471934636435,75.4721326828003,7.996266428629559,0,70,482,0.07151010491814468
2020-01-29,0.08218322236401339,6.899413953224818,75.4835843404134,7.997658399740857,0,71,483,0.0713002466201151
2020-01-30,0.08254368024257322,6.899520025650661,75.40926421483357,7.983960280815761,0,72,484,0.07109685455377614
2020-01-31,0.08312183770661552,6.899785361687343,75.36845599810283,7.985976672172548,0,73,485,0.07087098686466706
2020-02-01,0.0835964327926437,6.899853607018789,75.28311518033347,7.9931658001740775,0,74,486,0.07068761745456965
2020-02-02,0.08341164504488308,6.90004346370697,75.22752747535706,7.9929102194309225,0,75,487,0.0706060110824843
2020-02-03,0.08438877074668802,6.899876264731089,75.18482626279197,7.983447614510854,0,76,488,0.07050303057765119
2020-02-04,0.08600106167296566,6.899555371205013,75.13134423891705,8.001419899066288,0,77,489,0.07036033004253002
2020-02-05,0.08691446563228963,6.899515708287558,75.04191009203595,7.975639692147571,0,78,490,0.07023513463486296
2020-02-06,0.08783117576812705,6.899946840604146,74.9262735525767,8.002180615266163,0,79,491,0.07002853669298187
2020-02-07,0.08761044582972922,6.899928414821626,74.83234349886577,8.046889955997466,0,80,492,0.06984232606256424
2020-02-08,0.08704663438101609,6.899869817495346,74.79245635668437,8.104560505549113,0,81,493,0.06970136359800007
2020-02-09,0.0879103939111034,6.899658366044362,74.84529954592387,8.165463025569915,0,82,494,0.0695818463696179
2020-02-10,0.0885709456851085,6.899407313267389,74.85546639760335,8.20379004796346,0,83,495,0.06952014256121238
2020-02-11,0.08958570980156459,6.89919817050298,74.96766376495363,8.25850400129954,0,84,496,0.06892153606471349
2020-02-12,0.09135105319321155,6.899070022503534,75.03153988520305,8.306851718823115,0,85,497,0.06811723040550519
2020-02-13,0.09257863469421863,6.899047567447026,75.04897470474243,8.319737499952316,0,86,498,0.06733155459924717
2020-02-14,0.0929337283099691,6.89930874109268,75.10283714930216,8.339578932523727,0,87,499,0.0665602424315407
2020-02-15,0.09294470636794963,6.899232635895411,75.24051202138264,8.394615916411082,0,88,500,0.06577599533236411
2020-02-16,0.09306666788955528,6.899039165178936,75.38923390706381,8.44114882349968,0,89,501,0.06506775148814682
2020-02-17,0.09369339486584066,6.898945601781209,75.48600320816041,8.434034832318623,0,90,502,0.06433691364748682
2020-02-18,0.0934792296029627,6.899043035507202,75.55368741353354,8.402743007739383,0,91,503,0.06350667544237652
2020-02-19,0.09227952643608052,6.898954669634501,75.58480300903321,8.361505591869355,0,92,504,0.06266901457992409
2020-02-20,0.09156985872735579,6.898634374141693,75.64225470225017,8.32501304944356,0,93,505,0.06177450989032383
2020-02-21,0.09058979259183009,6.898741432030997,75.71557636260987,8.309898847341536,0,94,506,0.06140359732172529
2020-02-22,0.08948815382706621,6.898680627346041,75.83549067179362,8.327535531918205,0,95,507,0.06118072251846949
2020-02-23,0.08898597628188629,6.898774009943009,75.95769850413005,8.337860751152038,0,96,508,0.061061419415353216
2020-02-24,0.09053083877079188,6.8989878157774625,76.09454902013142,8.305152966578799,0,97,509,0.060667146420693666
2020-02-25,0.09602016336284573,6.899284718434016,76.14741493860882,8.274423827727635,0,98,510,0.06036522078994746
2020-02-26,0.10112868713525433,6.899479866027834,76.09569409688314,8.232595805327097,0,99,511,0.06007706294707712
2020-02-27,0.10394388389152782,6.899770023425421,76.04614645640055,8.19870664278666,0,100,512,0.05971423567963237
2020-02-28,0.10809743309703963,6.899911000331244,76.06075067520142,8.2156336804231,0,101,513,0.05946020265416805
2020-02-29,0.11389016231211517,6.900060546398164,76.14370781580608,8.264504210154215,0,102,514,0.059234039925388594
2020-03-01,0.11951948045752933,6.9003678937753055,76.23398405710857,8.315531118710835,0,103,515,0.05906999160893188
2020-03-02,0.12216937251699456,6.900560802221298,76.29959243138633,8.375041788816452,0,104,516,0.05884081539647836
2020-03-03,0.12286088708788145,6.900671900312107,76.2883044242859,8.406468510627748,0,105,517,0.05857655738194818
2020-03-04,0.12253650131000979,6.900655500094096,76.27076545521834,8.448385612515436,0,106,518,0.05819969498361467
2020-03-05,0.11938267982551358,6.9004391233126325,76.20053945347885,8.539437353956526,0,107,519,0.05805923404637757
2020-03-06,0.11310346163594923,6.900219157338142,76.18812887801369,8.6004010958948,0,108,520,0.057914567856675224
2020-03-07,0.10642154123419718,6.899997529387474,76.31715621286273,8.67985559537791,0,109,521,0.05778712851154516
2020-03-08,0.10197908004221021,6.899793089429538,76.40802900923927,8.730061928776728,0,110,522,0.057666690245224306
2020-03-09,0.09830805135986903,6.899582363168401,76.32881774240374,8.696605074751206,0,111,523,0.05742969821932635
2020-03-10,0.09471533961069292,6.899630392591161,76.22635767592627,8.658291046170223,0,112,524,0.05698375748550768
2020-03-11,0.09014437175141482,6.899608867367111,76.14124729766088,8.59603772793991,0,113,525,0.056513477328648955
2020-03-12,0.08863039806581252,6.8995261599620195,76.03231108321386,8.511546469080276,0,114,526,0.056077871361824225
2020-03-13,0.08928182623134759,6.8993919293085755,75.89282019271093,8.4519490086514,0,115,527,0.055828874365070044
2020-03-14,0.09149726678105984,6.899383903543155,75.75935799448112,8.423978406190873,0,116,528,0.055754915736751974
2020-03-15,0.09433507356591812,6.899374925096831,75.66969474324007,8.354158476988474,0,117,529,0.055817784913360556
2020-03-16,0.0973719514751186,6.899548945824305,75.57861057917276,8.287848405043285,0,118,530,0.055738687812599816
2020-03-17,0.10075823073275383,6.899552577733994,75.45297698974608,8.205643538633982,0,119,531,0.055629554428867654
2020-03-18,0.1044663581065833,6.899879616498947,75.36987584431965,8.155684047937394,0,120,532,0.055548055865130265
2020-03-19,0.10590034350752828,6.899917137622833,75.34210557937621,8.144605741898218,0,121,533,0.055471965980566654
2020-03-20,0.10614999700337639,6.899849120775857,75.29805091222127,8.128060597181317,0,122,534,0.05564124421909709
2020-03-21,0.10681246186917019,6.899696471293767,75.2390417098999,8.119888233145078,0,123,535,0.05580362508751835
2020-03-22,0.10718841617926951,6.899747262398401,75.19309663772582,8.09226976931095,0,124,536,0.05594128278779946
2020-03-23,0.1069966914132237,6.90009180108706,75.1624046643575,8.043670907616615,0,125,537,0.05600643000841138
2020-03-24,0.10515139000490306,6.900040396054585,75.18714243570962,7.972289473811786,0,126,538,0.05591533134093912
2020-03-25,0.10328700163712104,6.900206885735193,75.18474254608154,7.916344903906186,0,127,539,0.055775017991158846
2020-03-26,0.10099543007090683,6.900114878018698,75.21933654149373,7.876641083757083,0,128,540,0.055692041998502084
2020-03-27,0.0989471027472367,6.900028723478317,75.26081279118856,7.848370689153673,0,129,541,0.055666851514885665
2020-03-28,0.0965245701527844,6.899885763724646,75.3223920504252,7.822557238737742,0,130,542,0.05573245545088192
2020-03-29,0.09460159215765693,6.900149486462276,75.44458646774291,7.817176526784898,0,131,543,0.055818395170919057
2020-03-30,0.09266411120382449,6.900362364451091,75.56657994588214,7.8221423963705705,0,132,544,0.05575616486901536
2020-03-31,0.0909265642830481,6.90049861073494,75.66725409825642,7.841603959600133,0,133,545,0.055595084806198215
2020-04-01,0.0891356601224591,6.900494182109833,75.75046354929606,7.877355210979781,0,134,546,0.055449469915473434
2020-04-02,0.08725494368312259,6.900419610738754,75.81501633326212,7.91493297914664,0,135,547,0.05520597991545532
2020-04-03,0.08625416255866487,6.900539247194925,75.7955475171407,7.950286651651065,0,136,548,0.05532677313712149
2020-04-04,0.08525059179713328,6.900506075223286,75.75781002044678,7.988075575232507,0,137,549,0.05543287650769748
2020-04-05,0.08476113267242909,6.900521634022394,75.64671052296956,8.018646888931592,0,138,550,0.05559865918928449
2020-04-06,0.08411345874580245,6.900458582242328,75.55061100323994,8.03748135169347,0,139,551,0.055631902117578846
2020-04-07,0.0836335171479732,6.900382657845813,75.39795177777606,8.03777943253517,0,140,552,0.055673158871913174
2020-04-08,0.08266505935850244,6.8999650895595535,75.29425428708393,8.039199054241179,0,141,553,0.055779517599978845
2020-04-09,0.08196924331908426,6.90004072189331,75.19381324450174,8.015546544392903,0,142,554,0.0560125606361231
2020-04-10,0.08118373864951234,6.9000807384649905,75.17415226300557,8.006356545289355,0,143,555,0.056328329904602834
2020-04-11,0.08073825517979762,6.899798985322316,75.25294763247172,7.965578718980153,0,144,556,0.056694997060309546
2020-04-12,0.08181536019158861,6.899424497286479,75.37053961753845,7.926003527641295,0,145,557,0.057077634591290394
2020-04-13,0.08263673670589924,6.899302136898041,75.4944752216339,7.895436175664264,0,146,558,0.05711322148600453
2020-04-14,0.08303627750525873,6.899403144915898,75.65598778724669,7.883370842536289,0,147,559,0.057156295198632724
2020-04-15,0.08292005651940902,6.89960777958234,75.83345328966776,7.881438899040222,0,148,560,0.05716669185842486
2020-04-16,0.08320475900545717,6.89959128697713,75.959503587087,7.869163262844085,0,149,561,0.057290864477722615
2020-04-17,0.08332246473679941,6.899311035871504,76.17595183054607,7.889682726065317,0,150,562,0.05738832091207351
2020-04-18,0.08367953275640806,6.899436767896016,76.40304778416953,7.896332931518555,0,151,563,0.057423818116028105
2020-04-19,0.08369636906621358,6.899144297838211,76.67845611572267,7.921641586224237,0,152,564,0.05745896815813524
2020-04-20,0.08420911527549227,6.8990512013435366,76.91704365412394,7.923339176177978,0,153,565,0.05708709877507081
2020-04-21,0.0842107824360331,6.899762278795242,77.07288681666056,7.945490710934001,0,154,566,0.056494447187904306
2020-04-22,0.0851690917275846,6.899913374582925,77.27934909184773,7.955876736839613,0,155,567,0.056792868935409656
2020-04-23,0.08830284853465854,6.90004936059316,77.54994422912598,7.941089921196303,0,156,568,0.05702554889556129
2020-04-24,0.09374440618169806,6.8997060100237535,77.82724674860637,7.906784638762474,0,157,569,0.05734898723069894
2020-04-25,0.09924864162070055,6.899444315830867,78.16011700948079,7.867888701955477,0,158,570,0.05743647820094896
2020-05-11,0.10351220088390009,6.899413114786148,78.48048749287923,7.853904190659523,0,174,586,0.05748151281824014
2020-05-12,0.1072622655735661,6.899775536855062,78.78078850428264,7.812029291192692,0,175,587,0.05742199587197585
2020-05-13,0.11137183418807876,6.8999999006589245,79.00940534591675,7.78312051097552,0,176,588,0.05734105889217339
2020-05-14,0.11522267080532997,6.900257915258406,79.14500403722127,7.730889242887497,0,177,589,0.057208428421454
2020-05-15,0.11680755210109044,6.900347117582956,79.218344039917,7.708932230869929,0,178,590,0.057481332214264644
2020-05-16,0.11874130276652665,6.900296147664387,79.33093142827352,7.682594308257103,0,179,591,0.057937268036395095
2020-05-17,0.11863438535171247,6.9005126953125,79.46159197489419,7.6904814292987185,0,180,592,0.05748305449096125
2020-05-18,0.11681080640604095,6.900608952840169,79.53169174194335,7.688208527366319,0,181,593,0.05710566035288722
2020-05-19,0.11414168110738196,6.900849223136902,79.53519194920855,7.646502086520195,0,182,594,0.05651885246500854
2020-05-20,0.11125007287288706,6.90091701944669,79.53958597183228,7.641909645994504,0,183,595,0.055924401901958166
2020-05-21,0.10977427481363215,6.901121103763581,79.58181222279866,7.624849995970726,0,184,596,0.05535317425484067
2020-05-22,0.10890024174004798,6.900933188199997,79.61067339579265,7.641725721955298,0,185,597,0.05483676617968791
2020-05-23,0.10732037872076036,6.900942043463388,79.66513719558716,7.6817172606786075,0,186,598,0.05422389684536081
2020-05-24,0.10681230435147886,6.900566321611405,79.76203517913818,7.725349909067154,0,187,599,0.05348738802409275
2020-05-25,0.10858851509789631,6.900398834546406,79.8642896970113,7.741515497366587,0,188,600,0.05272308217104369
2020-05-26,0.10932635810847091,6.899856485923131,79.95023285547892,7.755639219284058,0,189,601,0.051902380618705536
2020-05-27,0.1103579183109105,6.899749241272607,79.97748648325602,7.741530988613765,0,190,602,0.051060055358181866
2020-05-28,0.11084227751319611,6.89944366812706,80.05702492396037,7.754968627293906,0,191,603,0.05021054975647451
2020-05-29,0.11004742154230669,6.8994772573312115,80.18410580952963,7.829636172453563,0,192,604,0.04953147564494566
2020-05-30,0.10930136904741321,6.8995505670706425,80.27709010442098,7.857792429129283,0,193,605,0.049067696277778926
2020-05-31,0.1092488237035771,6.899834730227788,80.35239375432332,7.878538642326991,0,194,606,0.04861828149067983
2020-06-01,0.1088410769589245,6.899740858872731,80.41296478907267,7.832605308294298,0,195,607,0.04803179803791109
2020-06-02,0.108438729091237,6.899182333548865,80.47941478093465,7.732761426766714,0,196,608,0.04754587600428942
2020-06-03,0.108353199933966,6.899310406049094,80.53419723510743,7.642667045195897,0,197,609,0.04739851184892187
2020-06-04,0.1074541252339259,6.899640633662543,80.69182338714599,7.5561726649602265,0,198,610,0.049500237833692604
2020-06-05,0.10421624018345026,6.9000448505083725,80.79703675905863,7.4946493148803714,0,199,611,0.05432585147480552
2020-06-06,0.10351756619444737,6.90019860267639,80.92870373725891,7.456630643208821,0,200,612,0.059362331697652225
2020-06-07,0.10855210303173705,6.900349577267964,81.00817446708679,7.420322620868683,0,201,613,0.06505708297669117
2020-06-10,0.11623326338982824,6.900322031974791,81.07621706326803,7.367034743229548,1,1,616,0.07040300877947817
2020-06-11,0.12473209836365037,6.899943647782007,81.13908473650615,7.315336990356445,0,2,617,0.0755913757142204
2020-06-12,0.13078887969410666,6.899699928363164,81.19875105222067,7.2885719974835705,0,3,618,0.08081889759813557
2020-06-13,0.13761432298924767,6.89971191485723,81.26277473767598,7.318827909231184,0,4,619,0.08608449743032395
2020-06-14,0.14366777754233515,6.9000898659229275,81.29595605532329,7.310937003294626,0,5,620,0.09127280127987215
2020-06-15,0.14938604976826647,6.900103372335434,81.37502093315125,7.321230338017145,0,6,621,0.0956921367179149
2020-06-16,0.15773224035898833,6.899949336051941,81.34907088279724,7.335462937752405,0,7,622,0.09777518777538352
2020-06-17,0.16679539801552878,6.899661995967229,81.37118930816652,7.310382634401321,0,8,623,0.09710805293416588
2020-06-18,0.1727862361042449,6.899443497260412,81.41701062520346,7.29240140914917,0,9,624,0.09615136781980343
2020-06-19,0.1693478677926274,6.899420519669851,81.46664476394655,7.315505993366242,0,10,625,0.0947636888371046
2020-06-20,0.15719953672960396,6.899364211161933,81.53826055526733,7.335851814349492,0,11,626,0.0943913146511641
2020-06-21,0.14123456759067865,6.899895439545314,81.60533040364585,7.379814177751541,0,12,627,0.09410279472539992
2020-06-22,0.12729676676293208,6.899890955289204,81.68731768925986,7.401450137297312,0,13,628,0.09367835229730033
2020-06-23,0.11235167062841356,6.900068251291911,81.75506054560346,7.371048192183176,0,14,629,0.09329345041113972
2020-06-24,0.09869115059264008,6.900104403495789,81.83728904724123,7.382609166701634,0,15,630,0.09294447607639492
2020-06-25,0.08447191965145373,6.900120608011882,81.83496249516807,7.405916686852774,0,16,631,0.0931813259099837
2020-06-26,0.06797591579767565,6.90007984340191,81.86524451573692,7.45990430911382,0,17,632,0.09353257227923256
2020-06-27,0.05389887099930398,6.9001515358686465,81.90436601638797,7.532584432760873,0,18,633,0.09388560848810644
2020-06-28,0.03976540913960584,6.900084637602172,81.92293933232627,7.590123371283214,0,19,634,0.09427863347593388
2020-06-29,0.02957031413679943,6.900079865256946,81.96841990152997,7.594673868020375,0,20,635,0.09436643986338814
2020-06-30,0.025763758931619436,6.899989357590677,82.0115575472514,7.5247588694095615,0,21,636,0.09359674144421931
2020-07-01,0.025377103484546155,6.899658869703612,82.07905534108481,7.409951859712599,0,22,637,0.09260047842444903
2020-07-02,0.024447188572958127,6.899750845630964,82.11838086446127,7.361359415451685,0,23,638,0.09168508545864186
2020-07-03,0.024132784168856856,6.899773958325388,82.18511673609416,7.393240986267725,0,24,639,0.09087409207768782
2020-07-04,0.023932281602174053,6.899909088015557,82.26895561218262,7.46204485098521,0,25,640,0.09003998420698114
2020-07-05,0.023679881542921083,6.899980450669925,82.4079740524292,7.51228055556615,0,26,641,0.08885699765073153
2020-07-06,0.023458674123200293,6.899986183643341,82.53769226074219,7.507158962885538,0,27,642,0.08722472018574154
2020-07-07,0.023208990390412527,6.90003776550293,82.68999128341675,7.491629089911778,0,28,643,0.08560321582188421
2020-07-08,0.022974608341852838,6.900053932269415,82.83345534006756,7.434375983476637,0,29,644,0.08402539994676042
2020-07-09,0.02284643463014316,6.9001368065675095,82.94454555511474,7.4252699931462605,0,30,645,0.08250869619395888
2020-07-10,0.02284938825760038,6.900163539250693,83.04695434570313,7.527856554587681,0,31,646,0.08111239117907999
2020-07-11,0.02297020542124909,6.900589783986409,83.11543292999268,7.6747689227263125,0,32,647,0.07999236843975134
2020-07-12,0.02300588080543095,6.900469692548116,83.19513412316641,7.74893132597208,0,33,648,0.07884105817133266
2020-07-13,0.022975624527316548,6.900453278919061,83.2446997245153,7.770645631353062,0,34,649,0.07758597922467621
2020-07-14,0.02290677877414662,6.9002769807974484,83.28668874899547,7.765162776907284,0,35,650,0.07635566695371887
2020-07-15,0.022792446335855247,6.90011674116055,83.29711735248567,7.744966631134352,0,36,651,0.07541798416431301
2020-07-16,0.02266543675796129,6.900198630491891,83.27547992865244,7.833542528251807,0,37,652,0.07490267049342261
2020-07-17,0.022586739129231623,6.9001736735304195,83.22931696573893,7.898750574390094,0,38,653,0.07444442694758654
2020-07-18,0.0225518413586542,6.900287349025407,83.16494059562683,7.991066715121271,0,39,654,0.07402281909676055
2020-07-19,0.02260710795914444,6.900126987198989,83.11428241729736,8.033661837875844,0,40,655,0.07355608203954905
2020-07-20,0.02261710056842956,6.900110554101505,83.05979791424139,8.01658080325621,0,41,656,0.07313981357045249
2020-07-21,0.022509636422638153,6.899780986609497,83.02577982685432,7.996216153165674,0,42,657,0.07277518566661079
2020-07-22,0.02243510842014755,6.899875705343922,82.97959081273737,7.973829841674343,0,43,658,0.07240264086356592
2020-07-23,0.022443234048569884,6.899807823104102,82.92422571918829,7.973958628933602,0,44,659,0.07204724541356963
2020-07-24,0.02252210201037768,6.899757155679106,82.86983131509486,8.01381629214781,0,45,660,0.07172753594109198
2020-07-25,0.022666482395744262,6.899852817657033,82.86891920508408,8.053130410672203,0,46,661,0.07145709209418209
2020-07-26,0.022808066225086333,6.899773126246968,82.88755449395839,7.998551938495015,0,47,662,0.07109346044599738
2020-07-27,0.022686079394013608,6.899914111100077,82.91715077501003,7.944244786660844,0,48,663,0.07023889068171699
2020-07-28,0.022446052335454447,6.9000722516600685,82.96078379890783,7.8936424807319785,0,49,664,0.06898675407923292
2020-07-29,0.02215085500232284,6.900137965284228,83.01923846345608,7.841274807911094,0,50,665,0.06777510251801327
2020-07-30,0.02185093367782731,6.900170168777306,83.04345680077871,7.826820154984792,0,51,666,0.06652222989098233
2020-07-31,0.021594651778771838,6.900345624486604,83.07518463929493,7.881534777581692,0,52,667,0.06525561004376083
2020-08-01,0.021341368334833518,6.900165456036726,83.14867429733276,7.987837120393914,0,53,668,0.0639782513996209
2020-08-02,0.02118168960441834,6.900279167791207,83.19966949621836,8.030242365101975,0,54,669,0.06266411095232824
2020-08-03,0.02087608129756214,6.900485458473364,83.26095422108968,8.045554565886658,0,55,670,0.06120107378383355
2020-08-04,0.020479400454011427,6.900415925184885,83.29475905100504,8.07174511651198,0,56,671,0.059543445501463246
2020-08-05,0.020028317968050637,6.9004111583034184,83.33017798264821,8.13165080746015,0,57,672,0.058003091400864515
2020-08-06,0.01981120474483377,6.900311953770486,83.32277277293957,8.240367105650275,0,58,673,0.056942606598752145
2020-08-07,0.01981143348541911,6.9004486937794765,83.3215258358236,8.35011461133497,0,59,674,0.056262851337088984
2020-08-08,0.019855858943988808,6.900425758905579,83.32648438595888,8.444868441221484,0,60,675,0.05558872249488818
2020-08-09,0.01988081566098946,6.900355751263469,83.39551745239058,8.577542991238207,0,61,676,0.05489701089081912
2020-08-10,0.019835414999029837,6.899818194853632,83.47365215602674,8.505723350045454,0,62,677,0.054114302801947956
2020-08-11,0.01991868234198444,6.900665112229001,83.52917944485218,8.40835610768048,0,63,678,0.053275384070224974
2020-08-12,0.01967179661847244,6.9005412915267685,83.64536974325051,8.320501453090191,0,64,679,0.05258300541574974
2020-08-13,0.019500881838201513,6.900389853012375,83.73487439050545,8.23841468583393,0,65,680,0.05204816314801793
2020-08-14,0.019442444066882413,6.900378277293655,83.87710187330116,8.168037518767992,0,66,681,0.051709188883104294
2020-08-15,0.019474173920439212,6.900368069501532,84.03455044323474,8.091001260189692,0,67,682,0.05124982678495373
2020-08-16,0.019501999544014263,6.9002573678338965,84.21446045151464,8.011922036470088,0,68,683,0.05100529859416092
2020-08-17,0.01941674246875294,6.899841008528516,84.37655551345259,7.979846916458122,0,69,684,0.051965261243075454
2020-08-18,0.019300040417928602,6.899860002541983,84.52631075691292,7.958774959158015,0,70,685,0.05422190661233386
2020-08-19,0.01912658849571557,6.900031082773651,84.63243786405633,7.805760647963595,0,71,686,0.056476178712691415
2020-08-20,0.019023597874480352,6.900477748060669,84.7158294033121,7.8001480257621525,0,72,687,0.05882117745006863
2020-08-21,0.01886621648639752,6.899690479536853,84.79559869766233,7.816105941931407,0,73,688,0.06125582775474738
2020-08-22,0.01899630543775857,6.899733825524649,84.85290873050687,7.88203063259522,0,74,689,0.06361957198943667
2020-08-23,0.01911050786729902,6.899837106466296,84.91877537568408,7.948899061481159,0,75,690,0.06595740697614663
2020-08-24,0.019201000992965008,6.89993913260335,84.90681829756878,8.009431100060755,0,76,691,0.06818291306743915
2020-08-25,0.019167284121949898,6.900054001184645,84.82742379810792,8.02923150526505,0,77,692,0.07050865675114627
2020-08-26,0.019000288030581118,6.900107434071527,84.74477326271838,8.007065011637401,0,78,693,0.07257827165145983
2020-08-27,0.018922369445909158,6.900227435854502,84.63123785056578,7.935840497490756,0,79,694,0.07370167427299348
2020-08-28,0.0187163342711305,6.900219004777497,84.55198122459558,7.9044463406771355,0,80,695,0.07349860738388547
2020-08-29,0.01859128108958469,6.90037771754208,84.48383960125751,7.934448247727746,0,81,696,0.07279658055886315
2020-08-30,0.01854581939980298,6.90034855944656,84.46238617298908,7.925736262477431,0,82,697,0.07061624954718526
2020-09-01,0.01833286795582998,6.900226309823421,84.47058762905904,7.867578116135789,0,84,699,0.06694935141522713
2020-09-02,0.01803558259263545,6.900295936989214,84.50275906123626,7.76480246193905,0,85,700,0.06336269735660124
2020-09-03,0.017790508168324868,6.900068576065129,84.47521987952697,7.674214542981974,0,86,701,0.059824730877377455
2020-09-04,0.01759350957898297,6.900147223030612,84.44773929806078,7.620121985084593,0,87,702,0.05632554249149517
2020-09-05,0.017592921501164,6.9002463803242495,84.46571235548977,7.575153889662802,0,88,703,0.05288836627304564
2020-09-06,0.01761349966254784,6.900391202916701,84.50296908219654,7.591307724515597,0,89,704,0.049478015958626935
2020-09-07,0.0175425915173643,6.90032187849283,84.5518108844757,7.58533914188544,0,90,705,0.045778138326703695
2020-09-08,0.01756093786098063,6.900423071285088,84.53117475509643,7.548110394676526,0,91,706,0.04219277191830538
2020-09-09,0.01752724454951627,6.900106894473235,84.50287024974823,7.518180526793001,0,92,707,0.039139121652744344
2020-09-10,0.01747026961529627,6.9000867684682206,84.41856420040129,7.4480731601516394,0,93,708,0.037535086467497515
2020-09-11,0.01752769745847521,6.900333241124947,84.32231872081755,7.418727614482242,0,94,709,0.03736421063444123
2020-09-12,0.01768098635269174,6.900120139618714,84.22516666253406,7.427168215811252,0,95,710,0.03703499557819851
2020-09-13,0.01786593604483641,6.900366495052973,84.20824348926541,7.475018389523029,0,96,711,0.03667531969383329
2020-09-14,0.0180034428970733,6.90001947035392,84.18918949762978,7.486951020856696,0,97,712,0.03639709338151183
2020-09-15,0.017936944961547848,6.899749540289241,84.15178249677022,7.52585998525222,0,98,713,0.03608634296552475
2020-09-16,0.01784507717141726,6.899597711364427,84.07850891749064,7.518063515424727,0,99,714,0.03578729314850903
2020-09-17,0.017811122066147312,6.89979865203301,83.99890188376109,7.544537343581517,0,100,715,0.03533822803807738
2020-09-18,0.01786332192714326,6.899936496218044,83.9741344690323,7.614967754979927,0,101,716,0.03438749341934459
2020-09-19,0.017987153515180893,6.899675336976844,83.96613879203798,7.682884400586286,0,102,717,0.035968754155490335
2020-09-20,0.018025383538527732,6.8996974041064565,83.98609331448874,7.806061214208602,0,103,718,0.03851847707639657
2020-09-21,0.01807012761904237,6.899320409695305,83.96869841416678,7.890706865489482,0,104,719,0.042825066615885476
2020-09-22,0.017978560835278278,6.899392649531362,83.93025197982789,7.960996553301809,0,105,720,0.0492600249784185
2020-09-23,0.017832081665983424,6.899516588946182,83.85535401503246,7.953556386133033,0,106,721,0.05553394721941087
2020-09-24,0.01766233185771853,6.89960119128227,83.83025953769685,7.958792446553707,0,107,722,0.06164882797889283
2020-09-25,0.017588351820207515,6.8997113962968175,83.84866416454315,7.967778598765531,1,1,723,0.06803672362765084
2020-09-26,0.017595886458487565,6.899856913586456,83.93032894134521,8.003317363063493,0,2,724,0.07448131339903227
2020-09-27,0.017586139326643515,6.899615796407062,84.05215394496918,8.03848443577687,0,3,725,0.08103202927159399
2020-09-28,0.017597543707233855,6.899604137738544,84.13581895033519,8.009216104447841,0,4,726,0.08794242342655788
2020-09-29,0.017539536238958434,6.900152162710825,84.1987517674764,8.008019419014452,0,5,727,0.09219275097698097
2020-09-30,0.017477730723718797,6.90007659246524,84.24052996635437,7.993340110778808,0,6,728,0.09544086513435357
2020-10-01,0.017410798487376027,6.900301057387861,84.28542242451718,8.008660081034167,0,7,729,0.09695972429904262
2020-10-02,0.017441540416258616,6.900285520940495,84.3215027213515,8.048666853214565,0,8,730,0.09642653992806283
2020-10-03,0.017534053248165402,6.900190534978582,84.35599404577624,8.125243046388292,0,9,731,0.09602036636368512
2020-10-04,0.017601416832501913,6.900293420046043,84.34809995893848,8.183415491387509,0,10,732,0.0955282883653095
2020-10-05,0.017718078376615022,6.900437072207005,84.32680064443957,8.219195593898757,0,11,733,0.09430939980372019
2020-10-06,0.01780293077863588,6.900718868066344,84.264819840632,8.237778980538511,0,12,734,0.09258974017047979
2020-10-07,0.01779632271900608,6.900989280928644,84.19211435719541,8.217461906378727,0,13,735,0.09086349399972056
2020-10-08,0.0177233789311395,6.900831533759309,84.11345328891487,8.22764557501203,0,14,736,0.08914943775843942
2020-10-09,0.01776660564658843,6.900764856526726,84.06282769445788,8.22275751084612,0,15,737,0.08769239493228628
2020-10-10,0.01781988669742355,6.9005546508128175,84.02022044265479,8.212201734885832,0,16,738,0.08638223883199003
2020-10-11,0.017914686251693117,6.9004551424269085,84.00261061952827,8.174295479163789,0,17,739,0.08510099792083983
2020-10-12,0.01797638886548954,6.900780896215062,83.99756925072586,8.103907984103026,0,18,740,0.0838304745836433
2020-10-13,0.01790449643409566,6.900712741780699,83.99242268369909,8.012941079939665,0,19,741,0.08244553590609352
2020-10-14,0.017788841908709798,6.900874512760263,83.9970685478679,7.94561254332463,0,20,742,0.08125531229133147
2020-10-15,0.01777360724187211,6.9008069429481225,83.97430651154436,7.8779012799263,0,21,743,0.08046004694707597
2020-10-16,0.01769541388454137,6.900499656169037,83.95559220280565,7.818907335897286,0,22,744,0.0801125989423007
2020-10-17,0.0178381486854561,6.900305072142366,83.93318549089265,7.7866197112098074,0,23,745,0.0798167811514613
2020-10-18,0.01785752634561761,6.899998384886665,83.89973315489921,7.747770518848772,0,24,746,0.07967689516806283
2020-10-19,0.01788321523066293,6.899878903721508,83.81392827820359,7.707699194163608,0,25,747,0.07946574655403026
2020-10-20,0.01784263797368847,6.900278722241259,83.69963336777269,7.683987583329805,0,26,748,0.07915526755093209
2020-10-21,0.017692402785699078,6.900317099319214,83.52179809436464,7.665113391980792,0,27,749,0.07884729861754923
2020-10-22,0.01757653418223766,6.900081236289258,83.32873304710054,7.682882804677154,0,28,750,0.07846217568921945
2020-10-23,0.0175743233863971,6.900006933139082,83.1417630992856,7.748561970894798,0,29,751,0.07841138311986108
2020-10-24,0.01765261057835775,6.899994405732865,82.92033781235678,7.839889074971802,0,30,752,0.0785041798468403
2020-10-25,0.017707593656122574,6.899855013813888,82.75923978512746,7.954556175182788,0,31,753,0.07878025109005224
2020-10-26,0.01780729389432899,6.8997667005919565,82.59894669081034,7.938606907040404,0,32,754,0.07906349848812211
2020-10-27,0.01776920988445023,6.8998676357875794,82.42466827927973,7.910004116417023,0,33,755,0.07937719496289022
2020-10-28,0.01775752394855341,6.900056282998177,82.30418213902857,7.8689095977157875,0,34,756,0.0795969703064807
2020-10-29,0.017737362923799085,6.899970205041809,82.19464380879332,7.918345707158247,0,35,757,0.07977689489814332
2020-10-30,0.01779178760383123,6.8999512721231016,82.10979460218678,7.966130943596363,0,36,758,0.0799712058796123
2020-10-31,0.017920965572314655,6.900148096097551,82.08029187658558,8.031457706789174,0,37,759,0.08015095450102765
2020-11-01,0.017997902985856254,6.900169016831162,82.0643242770347,8.081089856227239,0,38,760,0.08038668274587597
2020-11-02,0.018037079999339775,6.90050187896991,82.01153034507364,8.08090044061343,0,39,761,0.07989207469305268
2020-11-03,0.018081377536873344,6.900525790366574,81.93806527991225,8.065203493833542,0,40,762,0.07866567950175138
2020-11-04,0.017986653606446162,6.9006594175229905,81.73260336060454,8.007917911310992,0,41,763,0.07726171334334389
2020-11-05,0.017931441855034806,6.90073143657351,81.43829403856526,8.078403221567473,0,42,764,0.0758174590156935
2020-11-06,0.017950085567038827,6.900720273616953,81.19728744168212,8.179084991912049,0,43,765,0.074274084098019
2020-11-07,0.017981822595659953,6.9009174865117116,80.95515097120534,8.288129539291067,0,44,766,0.07270411592711386
2020-11-08,0.01798003242195895,6.901068538675706,80.71865825653076,8.3153112962842,0,45,767,0.07108895796224324
2020-11-09,0.0179485081792033,6.9010502112408485,80.47726271947225,8.335635793209075,0,46,768,0.06942648532159237
2020-11-10,0.01794992487411947,6.900916946182649,80.2049740155538,8.348216080168884,0,47,769,0.06780570718706307
2020-11-11,0.017976904858369384,6.900836629420519,79.95565136273703,8.366409285863242,0,48,770,0.06616554608726195
2020-11-12,0.018011206524291383,6.900696332007646,79.77531011104585,8.393764974673589,0,49,771,0.06504409374195455
2020-11-13,0.018054416705854233,6.900553643455107,79.66130118767421,8.417997527122496,0,50,772,0.06463359148329698
2020-11-14,0.018165299077130225,6.900473667432864,79.60878820419312,8.455120145281155,0,51,773,0.06430011917608792
2020-11-15,0.018275978464710827,6.900374996165434,79.67026439507802,8.511248119175432,0,52,774,0.06393536409914667
2020-11-16,0.018329856571896612,6.9003286058704045,79.67832844257354,8.540315013130506,0,53,775,0.06359896848014053
2020-11-17,0.018473580345744263,6.900134917100269,79.64663228988647,8.57851880143086,0,54,776,0.06329229973488418
2020-11-18,0.018528130045160646,6.9000882357358915,79.59770354429881,8.615060065189997,0,55,777,0.06297629273167751
2020-11-19,0.018657061469275503,6.900092285374799,79.52189813454946,8.678154149651528,0,56,778,0.0626689988472821
2020-11-20,0.018787198686428985,6.900234960019587,79.47647071679432,8.743098249534766,0,57,779,0.062175889796457814
2020-11-21,0.0189276576817052,6.900205477753228,79.39262406733998,8.797818590313721,0,58,780,0.06167325348177125
2020-11-22,0.018983316060498752,6.9001496957530035,79.2578768323597,8.832912132750478,0,59,781,0.06116066242172654
2020-11-23,0.01894689094030151,6.900111747959203,79.04364963280527,8.765571446826584,0,60,782,0.06053419590216026
2020-11-24,0.018926837108906754,6.9000007035125765,78.87522288071482,8.731281422188408,0,61,783,0.059864908477093325
2020-11-25,0.0188864976185856,6.899980795064517,78.6716663748758,8.705923065652973,0,62,784,0.05927029457711933
2020-11-26,0.018863837715736673,6.900036782700765,78.50909294195341,8.727947949976251,0,63,785,0.0587693403016562
2020-11-27,0.0188476328620393,6.900097653447537,78.37046045370269,8.773260187715815,0,64,786,0.05827163949553473
2020-11-28,0.01887233403382676,6.9000871585597086,78.26862521079548,8.796056198686884,0,65,787,0.057797479826836765
2020-11-29,0.01890830585604386,6.899948451100736,78.13032185144591,8.800365690003362,0,66,788,0.05728741984488915
2020-11-30,0.01885479637021362,6.899839914022832,77.99443106559286,8.826337835799183,0,67,789,0.05660971102969607
2020-12-01,0.01878150313083703,6.899859805901846,77.85234071413677,8.814196186264358,0,68,790,0.05597841079725933
2020-12-02,0.01872619551528866,6.899745269616448,77.72158994674683,8.8010263149937,0,69,791,0.05538484975555642
2020-12-03,0.01881788035000985,6.899723920722804,77.66531205177307,8.887222924331827,0,70,792,0.05479516226480811
2020-12-04,0.01885054319140953,6.899781435728075,77.66975250749877,8.874758694614425,0,71,793,0.05424727375484474
2020-12-05,0.018846961790640736,6.899964798408334,77.66192000653797,8.787593420135194,0,72,794,0.05383829637418932
2020-12-06,0.01880721692067965,6.89986032338697,77.5808972432857,8.663809915668978,0,73,795,0.05339314307531049
2020-12-07,0.018902369298296258,6.899657097376966,77.46492124345357,8.579550645040685,0,74,796,0.05290376920778125
2020-12-08,0.018926816174394973,6.899827843325916,77.35533901002461,8.448620414522503,0,75,797,0.05239005046686627
2020-12-09,0.018844023475678852,6.89987571231284,77.29195613013162,8.312801722474113,0,76,798,0.051930208933347155
2020-12-10,0.018791145868932418,6.899926827269378,77.2222034607972,8.162315051046225,0,77,799,0.05180964514077972
2020-12-11,0.01866958756200579,6.899916782328647,77.13396549932926,8.019539272213036,0,78,800,0.05173500716268431
2020-12-12,0.01859005963591779,6.8999922065428505,77.06677193555005,7.905999804957763,0,79,801,0.05164242327694034
2020-12-13,0.01851320847484744,6.899988170480557,76.98763280858404,7.8347969938005,0,80,802,0.05141318506513909
2020-12-14,0.018457248327608,6.900059934969572,76.84942785541926,7.8631405009061535,0,81,803,0.05096305645443431
2020-12-15,0.018458300279547202,6.900112961330261,76.70888438426803,7.972700170259958,0,82,804,0.05041201021054988
2020-12-16,0.01844613504915876,6.900195727346585,76.61541863484533,8.072625296395307,0,83,805,0.04986513398107336
2020-12-17,0.01829003804760742,6.900575429795429,76.5712148686583,8.126184777499523,0,84,806,0.049332301288813364
2020-12-18,0.01818809238194245,6.90054093112374,76.50276380582008,8.244205920975691,0,85,807,0.048836485369558744
2020-12-19,0.01820682800578331,6.900675551690904,76.44687896771583,8.364332980991687,0,86,808,0.048397075767588824
2020-12-20,0.018191774466634468,6.900680346884575,76.35237445238583,8.474770382624154,0,87,809,0.0479492990129202
2020-12-21,0.018242335177269586,6.900628454652098,76.30662257906832,8.617689415260596,0,88,810,0.0474701981354421
2020-12-22,0.018281840204504136,6.900669799910652,76.23378794428744,8.678660974844735,0,89,811,0.047018310353490925
2020-12-23,0.018278154155511095,6.900802499552569,76.179993224144,8.728106945753094,0,90,812,0.04673333891378556
2020-12-24,0.018249394334270613,6.900716410080593,76.03260291417442,8.794548894961675,0,91,813,0.04665460629906443
2020-12-25,0.018159991164187275,6.900570279359817,75.91562678813936,8.814589950939016,0,92,814,0.04651346162674226
2020-12-26,0.018161436322649625,6.9003424306710555,75.7958897193273,8.834028394023575,0,93,815,0.046368813723279896
2020-12-27,0.018210993679046314,6.900236580272515,75.67804788748425,8.831455273926256,0,94,816,0.04625504563637447
2020-12-28,0.018215250426631725,6.900183109939098,75.54182991186778,8.766728947559992,0,95,817,0.04605982196538884
2020-12-29,0.018211807257224186,6.90014057457447,75.41011314392091,8.71051532725493,0,96,818,0.04576389541407902
2020-12-30,0.018313731531573767,6.899989234904448,75.33807598749796,8.701370569566887,0,97,819,0.045497831378040685
2020-12-31,0.0184397536504548,6.900070911149183,75.24346433480581,8.718032541374367,0,98,820,0.04525499144351354
2021-01-01,0.01856914807964737,6.900074719389279,75.21172910531362,8.820918767650923,0,99,821,0.04497949703103198
2021-01-02,0.01865189881063998,6.900014474491277,75.18120978673298,8.84130475074053,0,100,822,0.04466596717756161
2021-01-03,0.01863767912533756,6.900070582330227,75.21776486237844,8.799565823376179,0,101,823,0.04433953624874171
2021-01-04,0.018766479787882432,6.8999724338452015,75.24027365048725,8.777215023835502,0,102,824,0.04398618038574647
2021-01-05,0.018758501915726818,6.900246766706307,75.24203461805979,8.7590068474412,0,103,825,0.0436420582950711
2021-01-06,0.0187192630818269,6.900252615908782,75.22716662883758,8.76676915039619,0,104,826,0.04325268723411903
2021-01-07,0.01877720303600655,6.900159151355426,75.221226588885,8.778908448914688,0,105,827,0.04293426264466169
2021-01-08,0.01893669314285478,6.899150658838261,75.22590183539268,8.78993805375619,0,106,828,0.04275761126480721
2021-01-09,0.018966151382172673,6.8986566480389415,75.24954726125007,8.78184071845099,0,107,829,0.04240557293438933
2021-01-10,,,,,0,108,830,
2021-01-11,,,,,0,109,831,
2021-01-12,,,,,0,110,832,
2021-01-13,,,,,0,111,833,
